---------- INSERT DATA INTO TABLES (in the order we were created) ----------

INSERT INTO secretary (firstName, lastName, phone, username, password)
VALUES 
('Βασιλική','Μήλιου', 6950236484, 'Penelope12', 'hgjhdghj'),
('Ειρήνη','Φύσσα', 6978543242, 'NICK23', 'hewurhw' ),
('Παναιγώτα','Παπαδοπούλου', 6945426754, 'CHASEKLOM', 'JIIEJhiuh'),
('Νεφέλη','Παπαδάκη',6932401905, '12JENNIFER', 'bhuhdw'),
('Θανάσης','Αθανασίου', 6924164371, 'J1OHthhr2NY', 'gwd2328'),
('Κώστας','Δημητρίου', 6947548910, 'BETTEsc', '121ewdewFHHF2'),
('Γιάννης','Κοντού', 6995847463, 'MOSasxTEL', 'BCHDxsbsb2335'),
('Ανδρέας','Παναγιώτου', 6954874263, 'MATTHss12EW','123sajdh26'),
('Ελένη','Τσιρώνη', 6926154487, 'JOEdwe','cdjc216emkm'),
('Φίλιππος','Μιχαηλίδης', 6978514263, 'CHRISgvrgve1TIAN','GABLEjcjje');

INSERT INTO client(id, firstName, lastName)
VALUES
(1, 'Γιώργος', 'Κωντογιάννης'),
(2, 'Ελένη', 'Μαρκοπούλου'),
(3, 'Νίκος', 'Δημητρακόπουλος'),
(4, 'Αναστασία', 'Γεωργίου'),
(5, 'Δημήτρης', 'Καραμπάσης'),
(6, 'Αικατερίνη', 'Μιχαηλίδου'),
(7, 'Παύλος', 'Κατσούλης'),
(8, 'Σοφία', 'Λυμπεροπούλου'),
(9, 'Κώστας', 'Παπανικολάου'),
(10, 'Μαρία', 'Παναγιώτου');

INSERT INTO clientPhone(clientId, phone)
VALUES
(1, 6810203041),
(1, 6452013687),
(2, 6958525654),
(3, 6958524565),
(4, 6945452564),
(4, 6845210395),
(5, 6898653212),
(6, 6484858689),
(7, 6959842364),
(8, 6465615253),
(8, 6987452034),
(8, 6954203956),
(9, 6845124793),
(10, 6456751520);

INSERT INTO driver(id, firstName, lastName, phone)
VALUES
(1, 'Πύρρος', 'Αγγελίδης','6971234567'),
(2, 'Επαμεινώνδας', 'Ζαφειρόπουλος','6949274527'),
(3, 'Κασσάνδρα', 'Κυριακίδης','6970013686'),
(4, 'Κατερίνα', 'Δημητρίου','6980536831'),
(5, 'Γιάννης', 'Καραμπάτος','6949435810'),
(6, 'Πέτρος', 'Κοντός','6975542021');

INSERT INTO truck(driverId, id, manufacturer, capacity, productionYear, purchaseYear)
VALUES
(1, 'ΖΦΚ-5678', 'Mercedes', '10 τόνοι', '1999', '2009'),
(2, 'ΚΕΟ-7185', 'Volvo', '8 τόνοι', '2005', '2012'),
(3, 'ΥΚΔ-8899', 'Scania', '8 τόνοι', '2008', '2010'),
(4, 'ΒΡΙ-7753', 'Scania', '10 τόνοι', '1999', '2010'),
(5, 'ΚΩΡ-9981', 'Volvo', '10 τόνοι', '1998', '2013'),
(6, 'ΠΛΩ-2266','Scania', '12 τόνοι', '2001', '2015');

INSERT INTO manages(secretaryUsername, secretaryPassword, driverId)
VALUES
('Penelope12', 'hgjhdghj', 1),
('Penelope12', 'hgjhdghj', 4),
('NICK23', 'hewurhw', 2),
('NICK23', 'hewurhw', 5),
('NICK23', 'hewurhw', 6),
('CHASEKLOM', 'JIIEJhiuh', 3),
('12JENNIFER', 'bhuhdw', 4),
('12JENNIFER', 'bhuhdw', 1),
('12JENNIFER', 'bhuhdw', 5),
('12JENNIFER', 'bhuhdw', 6),
('J1OHthhr2NY', 'gwd2328', 5),
('BETTEsc', '121ewdewFHHF2', 6);

INSERT INTO orders(id, price, status, clientId)
VALUES
(1, 200, 'Received', 1),
(2, 450, 'Received', 2),
(3, 200, 'Done', 2),
(4, 300, 'Done', 3),
(5, 350, 'Done', 4),
(6, 400, 'Received', 5),
(7, 300, 'Received', 6),
(8, 250, 'Received', 7),
(9, 200, 'Done', 8),
(10, 500, 'Received', 9),
(11, 200, 'Done', 9),
(12, 350, 'Done', 10);

INSERT INTO delivery(driverId, pCity, pStreet, pNumber, pPostalCode, dCity, dStreet, dNumber, dPostalCode, date, id, ordersId)
VALUES
(1, 'Κομοτηνή', 'Οδός Αγίου Δημητρίου', 28, 69100, 'Αλεξανδρούπολη', 'Οδός Παλαιών Πατρών', 75, 69131, '2023-06-21', 1, 1),
(6, 'Θεσσαλονίκη', 'Οδός Εγνατίας', 56, 54625, 'Πάτρα', 'Οδός Αγίου Νικολάου', 120, 26444, '2023-04-12', 2, 2),
(4, 'Λάρισα', 'Οδός Εθνικής Αντίστασης', 9, 41222, 'Ξάνθη', 'Οδός Δημητρακοπούλου', 8, 67100, '2023-02-28', 3, 3),
(4, 'Καβάλα', 'Οδός Φιλίππου', 15, 65302, 'Λάρισα', 'Οδός Αχιλλέως', 52, 41335, '2023-07-12', 4, 4),
(2, 'Τρίπολη', 'Οδός Λεωνίδου', 45, 22131, 'Θεσσαλονίκη', 'Οδός Δημοκρατίας', 42, 54631, '2023-01-26', 5, 5),
(3, 'Καλαμάτα', 'Οδός Παπαφλέσσα', 20, 24100, 'Λάρισα', 'Οδός Αχιλλέως', 52, 41335, '2023-06-16', 6, 6),
(1, 'Καστοριά', 'Οδός Μεγάλου Αλεξάνδρου', 5, 52100, 'Κοζάνη', 'Οδός Παπαναστασίου', 10, 50123, '2023-02-22', 7, 7),
(2, 'Σέρρες', 'Οδός Αριστοτέλους', 6, 62122, 'Άρτα', 'Οδός Ιωάννη Καρύδη', 28, 47100, '2023-03-14', 8, 8),
(3, 'Κόρινθος', 'Οδός Ισμήνης', 18, 20100, 'Λαμία', 'Οδός Μεσολογγίου', 23, 35122, '2023-04-19', 9, 9),
(4, 'Άργος', 'Οδός Καποδιστρίου', 12, 21200, 'Ναύπλιο', 'Οδός Ιωαννίνων', 40, 21100, '2023-02-10', 10, 10),
(5, 'Κόρινθος', 'Οδός Ισμήνης', 18, 20100, 'Λαμία', 'Οδός Μεσολογγίου', 23, 35122, '2023-04-19', 11, 11),
(6, 'Κόρινθος', 'Οδός Ισμήνης', 18, 20100, 'Λαμία', 'Οδός Μεσολογγίου', 23, 35122, '2023-04-19', 12, 12);

INSERT INTO records(secretaryUsername, secretaryPassword, ordersId)
VALUES
('Penelope12', 'hgjhdghj', 1),
('Penelope12', 'hgjhdghj', 7),
('Penelope12', 'hgjhdghj', 4),
('NICK23', 'hewurhw', 2),
('NICK23', 'hewurhw', 1),
('NICK23', 'hewurhw', 7),
('NICK23', 'hewurhw', 9),
('CHASEKLOM', 'JIIEJhiuh', 3),
('CHASEKLOM', 'JIIEJhiuh', 7),
('CHASEKLOM', 'JIIEJhiuh', 4),
('CHASEKLOM', 'JIIEJhiuh', 2),
('12JENNIFER', 'bhuhdw', 4),
('12JENNIFER', 'bhuhdw', 6),
('12JENNIFER', 'bhuhdw', 5),
('J1OHthhr2NY', 'gwd2328', 5),
('BETTEsc', '121ewdewFHHF2', 6),
('MOSasxTEL', 'BCHDxsbsb2335', 7),
('MATTHss12EW','123sajdh26', 8),
('JOEdwe','cdjc216emkm', 9),
('CHRISgvrgve1TIAN','GABLEjcjje', 10);

INSERT INTO payment(amount, method, date, clientId)
VALUES
('250','Cash', '2023-05-21', 1),
('250','Cash', '2019-05-21', 1),
('350','Cash', '2013-05-21', 1),
('400','Cash', '2023-07-15', 2),
('350','Card', '2023-02-07', 3),
('350','Card', '2023-11-30', 4),
('200','Card', '2023-09-03', 5),
('300','Cash', '2023-12-19', 6),
('250','Card', '2023-04-28', 7),
('400','Cash', '2023-09-17', 8),
('200','Cash', '2023-05-14', 9),
('350','Cash', '2023-01-22', 10);